{
    "val_accuracy": [
        0.92767733335495,
        0.9554937481880188,
        0.9721835851669312,
        0.9805285334587097,
        0.9860917925834656,
        0.9819193482398987,
        0.9847009778022766,
        0.9888734221458435,
        0.9874826073646545,
        0.9819193482398987,
        0.9847009778022766,
        0.9833101630210876,
        0.9847009778022766,
        0.9888734221458435,
        0.9888734221458435,
        0.9874826073646545,
        0.9874826073646545,
        0.9902642369270325,
        0.9902642369270325,
        0.9902642369270325,
        0.9916550517082214,
        0.9916550517082214,
        0.9930459260940552,
        0.9930459260940552,
        0.9916550517082214,
        0.9930459260940552,
        0.9930459260940552,
        0.9916550517082214,
        0.9930459260940552,
        0.9930459260940552
    ],
    "loss": [
        0.5990324020385742,
        0.2459113895893097,
        0.1791083663702011,
        0.14618441462516785,
        0.12964901328086853,
        0.1151655912399292,
        0.11168030649423599,
        0.10021296888589859,
        0.10044167190790176,
        0.09102293848991394,
        0.08730501681566238,
        0.07430572807788849,
        0.08118683844804764,
        0.07588881999254227,
        0.0759471133351326,
        0.08191559463739395,
        0.08114159107208252,
        0.06525161862373352,
        0.06269578635692596,
        0.06187849119305611,
        0.05847686156630516,
        0.05293109640479088,
        0.052591606974601746,
        0.043591976165771484,
        0.04571939632296562,
        0.0412600114941597,
        0.036033838987350464,
        0.030969329178333282,
        0.03760763257741928,
        0.03077542968094349
    ],
    "val_loss": [
        0.34061041474342346,
        0.1827903836965561,
        0.12389787286520004,
        0.0899336189031601,
        0.07919999957084656,
        0.07085645943880081,
        0.05472587049007416,
        0.0493980273604393,
        0.047423336654901505,
        0.050351519137620926,
        0.053052857518196106,
        0.08314760774374008,
        0.06386248022317886,
        0.05447346344590187,
        0.05539187043905258,
        0.04701150208711624,
        0.0434669591486454,
        0.04244694113731384,
        0.04077702760696411,
        0.037462152540683746,
        0.03322078287601471,
        0.03282863646745682,
        0.028708769008517265,
        0.023163441568613052,
        0.025287678465247154,
        0.022985652089118958,
        0.02363789826631546,
        0.023092102259397507,
        0.02460005134344101,
        0.02366921305656433
    ],
    "learning_rate": [
        0.0010000000474974513,
        0.0010000000474974513,
        0.0010000000474974513,
        0.0010000000474974513,
        0.0010000000474974513,
        0.0010000000474974513,
        0.0010000000474974513,
        0.0010000000474974513,
        0.0010000000474974513,
        0.0010000000474974513,
        0.0010000000474974513,
        0.0010000000474974513,
        0.0003000000142492354,
        0.0003000000142492354,
        0.0003000000142492354,
        9.999999747378752e-06,
        9.999999747378752e-06,
        9.999999747378752e-06,
        9.999999747378752e-06,
        9.999999747378752e-06,
        9.999999747378752e-06,
        9.999999747378752e-06,
        9.999999747378752e-06,
        9.999999747378752e-06,
        9.999999747378752e-06,
        9.999999747378752e-06,
        9.999999747378752e-06,
        9.999999747378752e-06,
        9.999999747378752e-06,
        2.9999998787388904e-06
    ],
    "accuracy": [
        0.7850968837738037,
        0.9141579866409302,
        0.9430700540542603,
        0.9466468095779419,
        0.951117753982544,
        0.9651266932487488,
        0.9639344215393066,
        0.968107283115387,
        0.9624441266059875,
        0.9684053659439087,
        0.9713860154151917,
        0.9734724164009094,
        0.9734724164009094,
        0.9749627709388733,
        0.9737704992294312,
        0.9728763103485107,
        0.9704918265342712,
        0.9791356325149536,
        0.9776452779769897,
        0.9788375496864319,
        0.9821162223815918,
        0.9812220335006714,
        0.9818181991577148,
        0.9865871667861938,
        0.9845007658004761,
        0.9868852496147156,
        0.987779438495636,
        0.9910581111907959,
        0.9883755445480347,
        0.9883755445480347
    ]
}